update,free,available,total
2018-02-20 05:27:07,2822,2564,5437
2018-02-20 05:41:52,2821,2565,5437
2018-02-20 05:56:30,2819,2567,5437
2018-02-20 06:11:17,2742,2545,5337
2018-02-20 06:12:18,77,22,100
2018-02-20 06:26:48,2849,2533,5437
2018-02-20 06:42:17,2824,2555,5437
2018-02-20 06:56:44,2829,2566,5437
2018-02-20 07:12:19,2847,2548,5437
2018-02-20 07:26:46,2870,2522,5437
2018-02-20 07:42:14,2964,2420,5437
2018-02-20 07:56:58,3107,2271,5437
2018-02-20 08:11:49,2994,2391,5437
2018-02-20 08:26:34,3014,2363,5437
2018-02-20 08:41:52,3030,2342,5437
2018-02-20 08:57:11,3047,2329,5437
2018-02-20 09:11:28,3043,2331,5437
2018-02-20 09:26:46,2993,2390,5437
2018-02-20 09:42:04,3003,2379,5437
2018-02-20 09:57:20,2999,2380,5437
2018-02-20 10:11:39,2974,2403,5437
2018-02-20 10:26:56,2968,2408,5437
2018-02-20 10:42:15,2958,2416,5437
2018-02-20 10:57:33,2945,2415,5437
2018-02-20 11:11:49,2962,2400,5437
2018-02-20 11:27:07,2973,2399,5437
2018-02-20 11:42:29,2995,2385,5437
2018-02-20 11:56:49,3011,2361,5437
2018-02-20 12:12:07,3025,2338,5437
2018-02-20 12:27:24,3011,2363,5437
2018-02-20 12:42:42,2983,2388,5437
2018-02-20 12:57:00,3020,2364,5437
2018-02-20 13:12:23,3043,2343,5437
2018-02-20 13:27:41,3041,2344,5437
2018-02-20 13:41:58,3066,2320,5437
2018-02-20 13:57:16,3035,2351,5437
2018-02-20 14:12:35,3128,2257,5437
2018-02-20 14:26:52,3114,2270,5437
2018-02-20 14:42:09,3135,2250,5437
2018-02-20 14:57:27,3110,2277,5437
2018-02-20 15:12:47,3123,2265,5437
2018-02-20 15:27:03,3058,2331,5437
2018-02-20 15:42:20,3054,2335,5437
2018-02-20 15:57:37,3031,2359,5437
2018-02-20 16:12:53,3000,2393,5437
2018-02-20 16:27:09,2992,2403,5437
2018-02-20 16:42:26,3018,2371,5437
2018-02-20 16:57:46,3038,2353,5437
2018-02-20 17:12:01,2660,2172,4871
2018-02-20 17:13:02,388,171,566
2018-02-20 17:27:18,3047,2343,5437
2018-02-20 17:42:34,3078,2308,5437
2018-02-20 17:57:51,3048,2340,5437
2018-02-20 18:12:07,3062,2326,5437
2018-02-20 18:27:23,3066,2324,5437
2018-02-20 18:42:41,3051,2342,5437
2018-02-20 18:57:57,3065,2331,5437
2018-02-20 19:12:17,3110,2286,5437
2018-02-20 19:27:34,3088,2309,5437
2018-02-20 19:42:51,3092,2303,5437
2018-02-20 19:58:08,3036,2361,5437
2018-02-20 20:12:29,3057,2339,5437
2018-02-20 20:27:49,3023,2373,5437
2018-02-20 20:43:07,3024,2373,5437
2018-02-20 20:57:24,3004,2391,5437
2018-02-20 21:12:41,2981,2418,5437
2018-02-20 21:27:58,2950,2449,5437
2018-02-20 21:43:15,2936,2462,5437
2018-02-20 21:57:30,2920,2478,5437
2018-02-20 22:13:01,2888,2509,5437
2018-02-20 22:28:18,2886,2512,5437
2018-02-20 22:42:34,2888,2511,5437
2018-02-20 22:57:50,2880,2520,5437
2018-02-20 23:13:07,2876,2525,5437
2018-02-20 23:28:22,2861,2540,5437
2018-02-20 23:42:36,2866,2536,5437
2018-02-20 23:57:52,2864,2535,5437
2018-02-21 00:13:21,2880,2522,5437
2018-02-21 00:27:39,2855,2547,5437
2018-02-21 00:42:56,2848,2554,5437
2018-02-21 00:58:15,2843,2558,5437
2018-02-21 01:13:32,2852,2551,5437
2018-02-21 01:27:49,2834,2569,5437
2018-02-21 01:43:11,2833,2570,5437
2018-02-21 01:58:29,2830,2573,5437
2018-02-21 02:12:46,2838,2564,5437
2018-02-21 02:28:04,2828,2574,5437
2018-02-21 02:43:21,2829,2573,5437
2018-02-21 02:58:38,2831,2571,5437
2018-02-21 03:12:55,2833,2569,5437
2018-02-21 03:28:12,2828,2574,5437
2018-02-21 03:43:29,2828,2574,5437
2018-02-21 03:57:45,2825,2577,5437
2018-02-21 04:13:02,2829,2574,5437
2018-02-21 04:28:19,2827,2576,5437
2018-02-21 04:43:38,2825,2578,5437
2018-02-21 04:57:54,2828,2575,5437
2018-02-21 05:13:11,2831,2572,5437
2018-02-21 05:28:28,2831,2572,5437
2018-02-21 05:43:44,2831,2580,5437
2018-02-21 05:57:59,2830,2581,5437
2018-02-21 06:13:29,2835,2576,5437
2018-02-21 06:28:46,2852,2559,5437
2018-02-21 06:43:01,2869,2540,5437
2018-02-21 06:58:18,2833,2576,5437
2018-02-21 07:13:34,2851,2537,5437
2018-02-21 07:28:51,2882,2517,5437
2018-02-21 07:43:06,2989,2409,5437
2018-02-21 07:58:23,3072,2321,5437
2018-02-21 08:13:43,2974,2427,5437
2018-02-21 08:29:01,2987,2415,5437
2018-02-21 08:43:19,3059,2341,5437
2018-02-21 08:58:39,3059,2347,5437
2018-02-21 09:13:58,2989,2417,5437
2018-02-21 09:28:18,2954,2452,5437
2018-02-21 09:43:35,2986,2418,5437
2018-02-21 09:58:53,2956,2447,5437
2018-02-21 10:14:11,2928,2469,5437
2018-02-21 10:28:31,2938,2466,5437
2018-02-21 10:43:48,2942,2451,5437
2018-02-21 10:59:06,2938,2464,5437
2018-02-21 11:13:26,2956,2441,5437
2018-02-21 11:28:43,2942,2461,5437
2018-02-21 11:44:01,2998,2406,5437
2018-02-21 11:59:19,2995,2401,5437
2018-02-21 12:13:35,2979,2424,5437
2018-02-21 12:28:52,2996,2410,5437
2018-02-21 12:44:10,3000,2408,5437
2018-02-21 12:58:28,2998,2411,5437
2018-02-21 13:13:49,3023,2386,5437
2018-02-21 13:29:06,3000,2414,5437
2018-02-21 13:44:23,3031,2383,5437
2018-02-21 13:58:39,3021,2395,5437
2018-02-21 14:14:01,3164,2251,5437
2018-02-21 14:29:19,3103,2311,5437
2018-02-21 14:43:37,3103,2307,5437
2018-02-21 14:58:56,3077,2332,5437
2018-02-21 15:14:12,3078,2331,5437
2018-02-21 15:29:29,3031,2382,5437
2018-02-21 15:43:43,2989,2426,5437
2018-02-21 15:59:00,2969,2447,5437
2018-02-21 16:14:17,2962,2454,5437
2018-02-21 16:29:34,2955,2459,5437
2018-02-21 16:43:50,2969,2446,5437
2018-02-21 16:59:08,2987,2428,5437
2018-02-21 17:14:26,3023,2392,5437
2018-02-21 17:29:42,3001,2412,5437
2018-02-21 17:43:58,3045,2367,5437
2018-02-21 17:59:14,2994,2418,5437
2018-02-21 18:14:34,3028,2386,5437
2018-02-21 18:29:51,3013,2399,5437
2018-02-21 18:44:06,3002,2413,5437
2018-02-21 18:59:23,3004,2408,5437
2018-02-21 19:14:40,3055,2360,5437
2018-02-21 19:29:57,3037,2376,5437
2018-02-21 19:44:12,3039,2373,5437
2018-02-21 19:59:28,3009,2406,5437
2018-02-21 20:14:49,3047,2372,5437
2018-02-21 20:29:05,3003,2416,5437
2018-02-21 20:44:22,2981,2437,5437
2018-02-21 20:59:39,2976,2444,5437
2018-02-21 21:14:57,2968,2450,5437
2018-02-21 21:29:12,2940,2479,5437
2018-02-21 21:44:28,2946,2472,5437
2018-02-21 21:59:44,2897,2521,5437
2018-02-21 22:15:07,2911,2507,5437
2018-02-21 22:29:23,2877,2542,5437
2018-02-21 22:44:39,2866,2554,5437
2018-02-21 22:59:56,2867,2553,5437
2018-02-21 23:15:13,2863,2557,5437
2018-02-21 23:29:27,2861,2558,5437
2018-02-21 23:44:42,2850,2562,5437
2018-02-21 23:58:58,572,504,1086
2018-02-21 23:59:59,2276,2059,4351
2018-02-22 00:14:26,2854,2563,5437
2018-02-22 00:29:44,2834,2578,5437
2018-02-22 00:45:09,2845,2567,5437
2018-02-22 00:59:28,2840,2572,5437
2018-02-22 01:14:45,2832,2580,5437
2018-02-22 01:30:04,2836,2576,5437
2018-02-22 01:45:26,2827,2591,5437
2018-02-22 01:59:43,2833,2585,5437
2018-02-22 02:15:02,2829,2589,5437
2018-02-22 02:30:20,2828,2590,5437
2018-02-22 02:44:36,2823,2595,5437
2018-02-22 02:59:53,2828,2590,5437
2018-02-22 03:15:11,2822,2596,5437
2018-02-22 03:30:28,2822,2590,5437
2018-02-22 04:00:00,2823,2590,5437
2018-02-22 04:15:20,2826,2587,5437
2018-02-22 04:44:52,2823,2590,5437
2018-02-22 05:00:08,2826,2588,5437
2018-02-22 05:15:27,2831,2583,5437
2018-02-22 05:30:44,2832,2582,5437
2018-02-22 05:44:59,2827,2587,5437
2018-02-22 06:00:18,2823,2591,5437
2018-02-22 06:15:42,2835,2579,5437
2018-02-22 06:30:58,2866,2547,5437
2018-02-22 06:45:13,2875,2538,5437
2018-02-22 07:00:29,2845,2567,5437
2018-02-22 07:15:45,2863,2548,5437
2018-02-22 07:31:03,2895,2516,5437
2018-02-22 07:45:19,2995,2408,5437
2018-02-22 08:00:36,3012,2397,5437
2018-02-22 08:15:57,2954,2440,5437
2018-02-22 08:30:15,2965,2436,5437
2018-02-22 08:45:34,3020,2384,5437
2018-02-22 09:00:55,3035,2374,5437
2018-02-22 09:15:12,3005,2405,5437
2018-02-22 09:30:32,2978,2431,5437
2018-02-22 09:45:51,2985,2412,5437
2018-02-22 10:01:10,2932,2478,5437
2018-02-22 10:15:30,2920,2483,5437
2018-02-22 10:30:48,2917,2492,5437
2018-02-22 10:46:06,2953,2445,5437
2018-02-22 11:00:22,2959,2450,5437
2018-02-22 11:15:39,2940,2463,5437
2018-02-22 11:30:56,2943,2473,5437
2018-02-22 11:46:14,2967,2441,5437
2018-02-22 12:00:31,2986,2414,5437
2018-02-22 12:15:48,3008,2409,5437
2018-02-22 12:31:05,3010,2397,5437
2018-02-22 12:46:23,2966,2451,5437
2018-02-22 13:00:40,2961,2457,5437
2018-02-22 13:15:57,3022,2398,5437
2018-02-22 13:31:14,3005,2418,5437
2018-02-22 13:45:30,3048,2373,5437
2018-02-22 14:00:48,3037,2386,5437
2018-02-22 14:16:05,3146,2276,5437
2018-02-22 14:31:22,3075,2347,5437
2018-02-22 14:45:42,3078,2342,5437
2018-02-22 15:01:00,3071,2350,5437
2018-02-22 15:16:19,3090,2330,5437
2018-02-22 15:31:35,3050,2369,5437
2018-02-22 15:45:52,3015,2404,5437
2018-02-22 16:01:10,2978,2442,5437
2018-02-22 16:16:29,2977,2442,5437
2018-02-22 16:30:44,2972,2447,5437
2018-02-22 16:46:01,3015,2402,5437
2018-02-22 17:01:17,3006,2407,5437
2018-02-22 17:16:34,3051,2363,5437
2018-02-22 17:30:49,3050,2359,5437
2018-02-22 17:46:06,3029,2384,5437
2018-02-22 18:01:22,3007,2405,5437
2018-02-22 18:16:39,3071,2337,5437
2018-02-22 18:30:55,3015,2395,5437
2018-02-22 18:46:11,3054,2356,5437
2018-02-22 19:01:27,3019,2392,5437
2018-02-22 19:16:43,3108,2312,5437
2018-02-22 19:30:58,3076,2344,5437
2018-02-22 19:46:15,3039,2380,5437
2018-02-22 20:01:32,3016,2402,5437
2018-02-22 20:16:54,2998,2422,5437
2018-02-22 20:31:11,2979,2441,5437
2018-02-22 20:46:29,2962,2457,5437
2018-02-22 21:01:46,2987,2434,5437
2018-02-22 21:17:02,2963,2458,5437
2018-02-22 21:31:18,2940,2479,5437
2018-02-22 21:46:34,2920,2500,5437
2018-02-22 22:01:50,2901,2520,5437
2018-02-22 22:16:19,2890,2531,5437
2018-02-22 22:31:35,2872,2548,5437
2018-02-22 22:46:52,2855,2565,5437
2018-02-22 23:01:11,2862,2558,5437
2018-02-22 23:16:26,2869,2550,5437
2018-02-22 23:31:42,2865,2555,5437
2018-02-22 23:46:59,2859,2560,5437
2018-02-23 00:02:05,2854,2563,5437
2018-02-23 00:16:27,2858,2560,5437
2018-02-23 00:31:26,2851,2568,5437
2018-02-23 00:47:08,2846,2572,5437
2018-02-23 01:01:36,2842,2571,5437
2018-02-23 01:17:03,2829,2584,5437
2018-02-23 01:31:22,2027,2316,4360
2018-02-23 01:32:25,798,272,1077
2018-02-23 01:46:42,2832,2581,5437
2018-02-23 02:02:01,2817,2596,5437
2018-02-23 02:17:24,2826,2586,5437
2018-02-23 02:31:46,2816,2596,5437
2018-02-23 02:47:04,2811,2601,5437
2018-02-23 03:02:21,2817,2595,5437
2018-02-23 03:16:37,2816,2596,5437
2018-02-23 03:31:54,2814,2598,5437
2018-02-23 04:02:29,2815,2597,5437
2018-02-23 04:16:45,2820,2592,5437
2018-02-23 04:32:02,2816,2600,5437
2018-02-23 04:47:18,2821,2594,5437
2018-02-23 05:02:35,2817,2599,5437
2018-02-23 05:16:50,2818,2598,5437
2018-02-23 05:32:07,2818,2598,5437
2018-02-23 05:47:23,2816,2599,5437
2018-02-23 06:02:39,2817,2597,5437
2018-02-23 06:17:03,2829,2585,5437
2018-02-23 06:32:19,2830,2568,5437
2018-02-23 06:47:35,2846,2567,5437
2018-02-23 07:02:51,2824,2595,5437
2018-02-23 07:17:06,2832,2567,5437
2018-02-23 07:32:23,2872,2545,5437
2018-02-23 07:47:39,2973,2431,5437
2018-02-23 08:02:56,2961,2439,5437
2018-02-23 08:17:12,2915,2484,5437
2018-02-23 08:32:29,2917,2477,5437
2018-02-23 08:47:48,3036,2366,5437
2018-02-23 09:02:07,2986,2421,5437
2018-02-23 09:17:30,2944,2469,5437
2018-02-23 09:32:48,2901,2511,5437
2018-02-23 09:48:06,2931,2480,5437
2018-02-23 10:02:21,2920,2480,5437
2018-02-23 10:17:38,2899,2499,5437
2018-02-23 10:32:55,2894,2519,5437
2018-02-23 10:48:12,2907,2501,5437
2018-02-23 11:02:28,2927,2463,5437
2018-02-23 11:17:45,2932,2473,5437
2018-02-23 11:33:02,2929,2483,5437
2018-02-23 11:47:19,2943,2468,5437
2018-02-23 12:02:37,2960,2449,5437
2018-02-23 12:17:53,2944,2469,5437
2018-02-23 12:33:09,2958,2455,5437
2018-02-23 12:47:27,2912,2499,5437
2018-02-23 13:02:45,2945,2464,5437
2018-02-23 13:18:05,2957,2452,5437
2018-02-23 13:33:24,2963,2448,5437
2018-02-23 13:47:41,3008,2401,5437
2018-02-23 14:02:58,3023,2384,5437
2018-02-23 14:18:23,3123,2282,5437
2018-02-23 14:32:43,3041,2364,5437
2018-02-23 14:48:01,3049,2357,5437
2018-02-23 15:03:18,3028,2382,5437
2018-02-23 15:18:34,3062,2341,5437
2018-02-23 15:32:49,2991,2408,5437
2018-02-23 15:48:05,3005,2395,5437
2018-02-23 16:03:25,2969,2432,5437
2018-02-23 16:17:41,2970,2431,5437
2018-02-23 16:32:58,2959,2439,5437
2018-02-23 16:48:15,2989,2412,5437
2018-02-23 17:03:33,2969,2433,5437
2018-02-23 17:17:48,2973,2433,5437
2018-02-23 17:33:05,2981,2424,5437
2018-02-23 17:48:22,2981,2424,5437
2018-02-23 18:03:37,2940,2465,5437
2018-02-23 18:17:52,2971,2434,5437
2018-02-23 18:33:09,2989,2416,5437
2018-02-23 18:48:25,2978,2425,5437
2018-02-23 19:03:41,2980,2426,5437
2018-02-23 19:17:57,2979,2423,5437
2018-02-23 19:33:13,2967,2439,5437
2018-02-23 19:48:29,2980,2426,5437
2018-02-23 20:03:47,2980,2428,5437
2018-02-23 20:18:11,2996,2411,5437
2018-02-23 20:33:28,2974,2431,5437
2018-02-23 20:48:46,2983,2423,5437
2018-02-23 21:03:01,2954,2451,5437
2018-02-23 21:18:20,2962,2444,5437
2018-02-23 21:33:35,2908,2498,5437
2018-02-23 21:48:51,2899,2506,5437
2018-02-23 22:03:08,2881,2525,5437
2018-02-23 22:18:37,2874,2531,5437
2018-02-23 22:33:54,2854,2550,5437
2018-02-23 22:48:09,2850,2554,5437
2018-02-23 23:03:26,2855,2549,5437
2018-02-23 23:18:41,2853,2551,5437
2018-02-23 23:33:57,2863,2538,5437
2018-02-23 23:49:13,2867,2533,5437
2018-02-24 00:04:08,2857,2544,5437
2018-02-24 00:18:28,2851,2550,5437
2018-02-24 00:33:53,2864,2539,5437
2018-02-24 00:49:13,2871,2528,5437
2018-02-24 01:03:32,2884,2518,5437
2018-02-24 01:18:50,2864,2538,5437
2018-02-24 01:34:09,2837,2564,5437
2018-02-24 01:48:26,2844,2557,5437
2018-02-24 02:03:44,2841,2561,5437
2018-02-24 02:19:03,2835,2568,5437
2018-02-24 02:34:22,2832,2571,5437
2018-02-24 02:48:39,2826,2578,5437
2018-02-24 03:03:55,2821,2581,5437
2018-02-24 03:19:13,2814,2589,5437
2018-02-24 03:34:30,2823,2580,5437
2018-02-24 03:48:45,2820,2583,5437
2018-02-24 04:04:00,2829,2573,5437
2018-02-24 04:19:16,2818,2584,5437
2018-02-24 04:34:32,2827,2576,5437
2018-02-24 04:48:46,2819,2583,5437
2018-02-24 05:04:03,2821,2582,5437
2018-02-24 05:19:22,2822,2582,5437
2018-02-24 05:34:37,2827,2578,5437
2018-02-24 05:48:52,2822,2584,5437
2018-02-24 06:04:12,2823,2583,5437
2018-02-24 06:19:36,2818,2586,5437
2018-02-24 06:33:52,2813,2592,5437
2018-02-24 06:49:08,2811,2593,5437
2018-02-24 07:04:24,2817,2587,5437
2018-02-24 07:19:40,2819,2584,5437
2018-02-24 07:33:58,2819,2585,5437
2018-02-24 07:49:14,2820,2585,5437
2018-02-24 08:04:31,2810,2595,5437
2018-02-24 08:19:47,2818,2586,5437
2018-02-24 08:34:03,2826,2578,5437
2018-02-24 08:49:19,2843,2561,5437
2018-02-24 09:04:40,2840,2565,5437
2018-02-24 09:19:56,2846,2558,5437
2018-02-24 09:34:11,2843,2561,5437
2018-02-24 09:49:27,2846,2556,5437
2018-02-24 10:04:43,2827,2575,5437
2018-02-24 10:20:00,2841,2565,5437
2018-02-24 10:34:15,2821,2585,5437
2018-02-24 10:49:31,2848,2558,5437
2018-02-24 11:04:48,2870,2536,5437
2018-02-24 11:20:04,2876,2531,5437
2018-02-24 11:34:19,2865,2542,5437
2018-02-24 11:49:36,2890,2518,5437
2018-02-24 12:04:53,2893,2515,5437
2018-02-24 12:20:10,2890,2519,5437
2018-02-24 12:34:26,2897,2514,5437
2018-02-24 12:49:43,2915,2498,5437
2018-02-24 13:04:59,2904,2511,5437
2018-02-24 13:20:15,2914,2500,5437
2018-02-24 13:34:30,2904,2513,5437
2018-02-24 13:49:46,2927,2490,5437
2018-02-24 14:05:04,2923,2494,5437
2018-02-24 14:20:22,2947,2471,5437
2018-02-24 14:34:39,2906,2511,5437
2018-02-24 14:49:57,2876,2539,5437
2018-02-24 15:05:17,2869,2547,5437
2018-02-24 15:19:32,2867,2547,5437
2018-02-24 15:34:56,2873,2544,5437
2018-02-24 15:50:13,2873,2543,5437
2018-02-24 16:05:29,2870,2547,5437
2018-02-24 16:19:45,2879,2539,5437
2018-02-24 16:35:01,2893,2531,5437
2018-02-24 16:50:18,2924,2493,5437
2018-02-24 17:05:33,2930,2486,5437
2018-02-24 17:19:47,2920,2497,5437
2018-02-24 17:35:01,2924,2492,5437
2018-02-24 17:50:16,2931,2485,5437
2018-02-24 18:05:35,2900,2517,5437
2018-02-24 18:19:50,2921,2495,5437
2018-02-24 18:35:05,2925,2492,5437
2018-02-24 18:50:21,2942,2475,5437
2018-02-24 19:05:38,2933,2483,5437
2018-02-24 19:19:52,2949,2466,5437
2018-02-24 19:35:08,2936,2479,5437
2018-02-24 19:50:26,2968,2447,5437
2018-02-24 20:05:42,2982,2432,5437
2018-02-24 20:19:58,2962,2452,5437
2018-02-24 20:35:15,3009,2406,5437
2018-02-24 20:50:32,3003,2411,5437
2018-02-24 21:05:50,2979,2437,5437
2018-02-24 21:20:06,2993,2423,5437
2018-02-24 21:35:23,2996,2420,5437
2018-02-24 21:50:39,2998,2416,5437
2018-02-24 22:05:03,2943,2473,5437
2018-02-24 22:20:27,2913,2503,5437
2018-02-24 22:35:46,2880,2535,5437
2018-02-24 22:51:02,2888,2527,5437
2018-02-24 23:05:19,2877,2537,5437
2018-02-24 23:20:34,2875,2540,5437
2018-02-24 23:35:51,2867,2549,5437
2018-02-24 23:51:07,2863,2551,5437
2018-02-25 00:05:10,2867,2547,5437
2018-02-25 00:20:32,2895,2518,5437
2018-02-25 00:35:51,2881,2533,5437
2018-02-25 00:50:13,2856,2559,5437
2018-02-25 01:05:30,2864,2550,5437
2018-02-25 01:20:51,2859,2556,5437
2018-02-25 01:36:13,2866,2548,5437
2018-02-25 01:50:35,2852,2563,5437
2018-02-25 02:05:57,2862,2553,5437
2018-02-25 02:20:21,2849,2566,5437
2018-02-25 02:36:07,2823,2592,5437
2018-02-25 02:50:42,2822,2593,5437
2018-02-25 03:06:18,2810,2605,5437
2018-02-25 03:20:57,2830,2585,5437
2018-02-25 03:35:25,2820,2596,5437
2018-02-25 03:51:01,2828,2587,5437
2018-02-25 04:05:34,2836,2580,5437
2018-02-25 04:36:12,2814,2602,5437
2018-02-25 04:51:34,2822,2592,5437
2018-02-25 05:05:53,2818,2597,5437
2018-02-25 05:21:13,2808,2607,5437
2018-02-25 05:36:37,2806,2608,5437
2018-02-25 05:50:55,2811,2603,5437
2018-02-25 06:06:26,2808,2605,5437
2018-02-25 06:21:34,2809,2604,5437
2018-02-25 06:35:57,2811,2602,5437
2018-02-25 06:51:15,2815,2598,5437
2018-02-25 07:06:32,2808,2605,5437
2018-02-25 07:21:51,2818,2594,5437
2018-02-25 07:36:06,2820,2593,5437
2018-02-25 07:51:25,2805,2607,5437
2018-02-25 08:06:43,2825,2587,5437
2018-02-25 08:20:59,2837,2576,5437
2018-02-25 08:36:18,2841,2573,5437
2018-02-25 08:51:36,2832,2582,5437
2018-02-25 09:06:55,2823,2591,5437
2018-02-25 09:21:13,2826,2588,5437
2018-02-25 09:36:32,2820,2566,5437
2018-02-25 09:51:51,2798,2554,5437
2018-02-25 10:06:09,2800,2551,5437
2018-02-25 10:21:29,2781,2568,5437
2018-02-25 10:36:49,2784,2567,5437
2018-02-25 10:51:05,2798,2553,5437
2018-02-25 11:06:23,2797,2554,5437
2018-02-25 11:21:42,2819,2532,5437
2018-02-25 11:37:00,2814,2536,5437
2018-02-25 11:51:15,2852,2499,5437
2018-02-25 12:06:33,2845,2506,5437
2018-02-25 12:21:50,2853,2496,5437
2018-02-25 12:37:07,2866,2482,5437
2018-02-25 12:51:22,2871,2479,5437
2018-02-25 13:06:41,2885,2464,5437
2018-02-25 13:21:56,2922,2424,5437
2018-02-25 13:37:12,2915,2430,5437
2018-02-25 13:51:28,2904,2443,5437
2018-02-25 14:06:44,2884,2465,5437
2018-02-25 14:22:01,2919,2431,5437
2018-02-25 14:37:18,2920,2425,5437
2018-02-25 14:51:34,2877,2470,5437
2018-02-25 15:06:53,2859,2496,5437
2018-02-25 15:22:10,2836,2518,5437
2018-02-25 15:37:27,2842,2510,5437
2018-02-25 15:51:42,2829,2500,5437
2018-02-25 16:07:00,2851,2510,5437
2018-02-25 16:22:17,2876,2509,5437
2018-02-25 16:37:33,2892,2493,5437
2018-02-25 16:51:49,2926,2463,5437
2018-02-25 17:07:07,2878,2512,5437
2018-02-25 17:22:24,2915,2475,5437
2018-02-25 17:36:39,1516,1367,2893
2018-02-25 17:37:40,1398,1110,2544
2018-02-25 17:51:57,2927,2465,5437
2018-02-25 18:07:17,2935,2456,5437
2018-02-25 18:22:34,2932,2462,5437
2018-02-25 18:36:49,2891,2502,5437
2018-02-25 18:52:05,2903,2490,5437
2018-02-25 19:07:22,2891,2502,5437
2018-02-25 19:22:38,2906,2486,5437
2018-02-25 19:36:54,2903,2489,5437
2018-02-25 19:52:11,2893,2498,5437
2018-02-25 20:07:27,2882,2508,5437
2018-02-25 20:22:44,2863,2528,5437
2018-02-25 20:38:01,2946,2444,5437
2018-02-25 20:52:16,2906,2484,5437
2018-02-25 21:07:34,2931,2462,5437
2018-02-25 21:22:50,2949,2443,5437
2018-02-25 21:37:06,2876,2515,5437
2018-02-25 21:52:22,2855,2537,5437
2018-02-25 22:07:43,2837,2555,5437
2018-02-25 22:23:00,2817,2575,5437
2018-02-25 22:37:15,2816,2577,5437
2018-02-25 22:52:33,2826,2566,5437
2018-02-25 23:07:48,2820,2573,5437
2018-02-25 23:23:05,2813,2579,5437
2018-02-25 23:37:20,2821,2572,5437
2018-02-25 23:52:37,2805,2589,5437
2018-02-26 00:08:13,2803,2591,5437
2018-02-26 00:22:35,2803,2590,5437
2018-02-26 00:37:53,2793,2600,5437
2018-02-26 00:53:12,2790,2603,5437
2018-02-26 01:07:31,2784,2608,5437
2018-02-26 01:22:50,2776,2609,5437
2018-02-26 01:38:08,2778,2606,5437
2018-02-26 01:52:26,2781,2604,5437
2018-02-26 02:07:43,2775,2610,5437
2018-02-26 02:23:02,2777,2608,5437
2018-02-26 02:38:19,2781,2604,5437
2018-02-26 02:52:39,2775,2610,5437
2018-02-26 03:07:56,2772,2613,5437
2018-02-26 03:23:13,2774,2611,5437
2018-02-26 03:38:30,2771,2614,5437
2018-02-26 03:52:48,2775,2610,5437
2018-02-26 04:08:09,2774,2611,5437
2018-02-26 04:23:26,2775,2610,5437
2018-02-26 04:37:42,2772,2613,5437
2018-02-26 04:52:58,2775,2610,5437
2018-02-26 05:08:18,2777,2608,5437
2018-02-26 05:23:35,2774,2611,5437
2018-02-26 05:37:50,2783,2609,5437
2018-02-26 05:53:06,2780,2613,5437
2018-02-26 06:08:26,2780,2613,5437
2018-02-26 06:23:46,2804,2589,5437
2018-02-26 06:38:00,2824,2561,5437
2018-02-26 06:53:17,2814,2588,5437
2018-02-26 07:08:32,2823,2578,5437
2018-02-26 07:23:47,2854,2557,5437
2018-02-26 07:38:03,2890,2520,5437
2018-02-26 07:53:19,3059,2349,5437
2018-02-26 08:08:37,2927,2479,5437
2018-02-26 08:23:55,2956,2452,5437
2018-02-26 08:38:11,2973,2436,5437
2018-02-26 08:53:32,3017,2386,5437
2018-02-26 09:08:50,2985,2413,5437
2018-02-26 09:23:08,2940,2465,5437
2018-02-26 09:38:25,2939,2462,5437
2018-02-26 09:53:43,2947,2457,5437
2018-02-26 10:09:01,2897,2508,5437
2018-02-26 10:23:18,2905,2492,5437
2018-02-26 10:38:37,2919,2493,5437
2018-02-26 10:53:55,2941,2467,5437
2018-02-26 11:08:15,2948,2455,5437
2018-02-26 11:23:33,2942,2462,5437
2018-02-26 11:38:53,2934,2471,5437
2018-02-26 11:54:11,2932,2470,5437
2018-02-26 12:08:28,2940,2465,5437
2018-02-26 12:23:48,2956,2452,5437
2018-02-26 12:39:07,2962,2434,5437
2018-02-26 12:53:25,2966,2432,5437
2018-02-26 13:08:46,2968,2443,5437
2018-02-26 13:24:04,2972,2440,5437
2018-02-26 13:39:22,3009,2403,5437
2018-02-26 13:53:38,3013,2396,5437
2018-02-26 14:08:56,3101,2308,5437
2018-02-26 14:24:13,3124,2284,5437
2018-02-26 14:38:30,1177,740,1932
2018-02-26 14:39:31,1868,1622,3505
2018-02-26 14:53:48,3066,2342,5437
2018-02-26 15:09:05,3040,2368,5437
2018-02-26 15:24:22,3004,2402,5437
2018-02-26 15:38:37,2980,2425,5437
2018-02-26 15:53:54,2975,2429,5437
2018-02-26 16:09:13,2965,2440,5437
2018-02-26 16:24:30,2982,2422,5437
2018-02-26 16:38:46,2991,2410,5437
2018-02-26 16:54:04,3033,2370,5437
2018-02-26 17:09:23,2995,2408,5437
2018-02-26 17:24:39,3008,2396,5437
2018-02-26 17:38:55,3002,2399,5437
2018-02-26 17:54:12,3005,2396,5437
2018-02-26 18:09:28,3024,2376,5437
2018-02-26 18:24:45,3007,2396,5437
2018-02-26 18:39:00,2986,2418,5437
2018-02-26 18:54:17,3047,2356,5437
2018-02-26 19:09:35,3046,2361,5437
2018-02-26 19:24:52,3055,2349,5437
2018-02-26 19:39:07,3033,2375,5437
2018-02-26 19:54:24,3026,2381,5437
2018-02-26 20:09:44,3016,2392,5437
2018-02-26 20:24:01,3011,2397,5437
2018-02-26 20:39:20,3000,2409,5437
2018-02-26 20:54:36,3033,2379,5437
2018-02-26 21:09:53,2949,2461,5437
2018-02-26 21:24:08,2966,2445,5437
2018-02-26 21:39:24,2931,2481,5437
2018-02-26 21:54:39,2909,2504,5437
2018-02-26 22:09:06,2883,2529,5437
2018-02-26 22:24:31,2864,2548,5437
2018-02-26 22:39:48,2859,2552,5437
2018-02-26 22:51:00,2854,2557,5437
2018-02-26 23:09:51,2850,2561,5437
2018-02-26 23:25:07,2845,2566,5437
2018-02-26 23:39:22,2850,2561,5437
2018-02-26 23:54:39,2838,2574,5437
2018-02-27 00:09:23,2830,2582,5437
2018-02-27 00:24:44,2837,2574,5437
2018-02-27 00:40:01,2822,2589,5437
2018-02-27 00:54:24,2826,2585,5437
2018-02-27 01:09:46,2821,2591,5437
2018-02-27 01:25:04,2817,2597,5437
2018-02-27 01:40:23,2826,2588,5437
2018-02-27 01:54:43,2817,2598,5437
2018-02-27 02:10:04,2813,2602,5437
2018-02-27 02:25:25,2817,2598,5437
2018-02-27 02:39:42,2815,2600,5437
2018-02-27 02:55:00,2818,2597,5437
2018-02-27 03:10:20,2816,2599,5437
2018-02-27 03:25:37,2813,2602,5437
2018-02-27 03:39:52,2816,2599,5437
2018-02-27 03:55:09,2815,2600,5437
2018-02-27 04:10:28,2813,2602,5437
2018-02-27 04:40:01,2818,2597,5437
2018-02-27 04:55:17,2816,2599,5437
2018-02-27 05:10:34,2817,2598,5437
2018-02-27 05:25:52,2821,2595,5437
2018-02-27 05:40:08,2817,2599,5437
2018-02-27 05:55:24,2821,2595,5437
2018-02-27 06:10:47,2820,2596,5437
2018-02-27 06:25:07,2839,2577,5437
2018-02-27 06:40:25,2847,2569,5437
2018-02-27 06:55:41,2820,2586,5437
2018-02-27 07:10:58,2831,2578,5437
2018-02-27 07:25:13,2841,2575,5437
2018-02-27 07:40:30,2894,2513,5437
2018-02-27 07:55:47,3008,2389,5437
2018-02-27 08:11:04,2913,2474,5437
2018-02-27 08:25:22,2941,2457,5437
2018-02-27 08:40:39,2936,2462,5437
2018-02-27 08:55:57,3031,2366,5437
2018-02-27 09:10:18,2949,2440,5437
2018-02-27 09:25:17,2898,2492,5437
2018-02-27 09:40:38,2886,2506,5437
2018-02-27 09:55:57,2889,2494,5437
2018-02-27 10:11:18,2854,2536,5437
2018-02-27 10:25:34,2834,2556,5437
2018-02-27 10:40:52,2813,2574,5437
2018-02-27 10:56:09,2822,2565,5437
2018-02-27 11:10:26,2841,2546,5437
2018-02-27 11:25:43,2848,2539,5437
2018-02-27 11:41:03,2820,2566,5437
2018-02-27 11:56:21,2833,2554,5437
2018-02-27 12:10:47,2841,2547,5437
2018-02-27 12:26:07,2838,2552,5437
2018-02-27 12:41:27,2824,2569,5437
2018-02-27 12:55:45,2821,2572,5437
2018-02-27 13:11:03,2826,2570,5437
2018-02-27 13:26:23,2825,2576,5437
2018-02-27 13:40:41,2820,2580,5437
2018-02-27 13:56:00,2819,2581,5437
2018-02-27 14:11:24,2831,2570,5437
2018-02-27 14:25:45,2819,2581,5437
2018-02-27 14:41:04,2830,2572,5437
2018-02-27 14:56:22,2815,2587,5437
2018-02-27 15:11:39,2813,2591,5437
2018-02-27 15:25:56,2814,2590,5437
2018-02-27 15:41:13,2814,2590,5437
2018-02-27 15:56:33,2817,2587,5437
2018-02-27 16:10:49,2821,2583,5437
2018-02-27 16:26:06,2823,2581,5437
2018-02-27 16:41:26,2823,2581,5437
2018-02-27 16:56:44,2814,2591,5437
2018-02-27 17:11:00,2803,2602,5437
2018-02-27 17:26:18,2811,2595,5437
2018-02-27 17:41:35,2814,2592,5437
2018-02-27 17:55:51,2822,2583,5437
2018-02-27 18:11:08,2821,2585,5437
2018-02-27 18:26:26,2814,2591,5437
2018-02-27 18:41:43,2809,2596,5437
2018-02-27 18:56:00,2820,2586,5437
2018-02-27 19:11:22,2824,2585,5437
2018-02-27 19:26:39,2827,2582,5437
2018-02-27 19:41:56,2825,2584,5437
2018-02-27 19:56:12,2829,2580,5437
2018-02-27 20:11:34,2824,2586,5437
2018-02-27 20:26:54,2821,2589,5437
2018-02-27 20:41:12,2811,2600,5437
2018-02-27 20:56:30,2820,2589,5437
2018-02-27 21:11:47,2823,2588,5437
2018-02-27 21:27:04,2818,2593,5437
2018-02-27 21:41:19,2819,2592,5437
2018-02-27 21:56:36,2819,2592,5437
2018-02-27 22:12:03,2820,2590,5437
2018-02-27 22:26:20,2815,2595,5437
2018-02-27 22:41:37,2815,2595,5437
2018-02-27 22:56:55,2813,2597,5437
2018-02-27 23:12:12,2809,2601,5437
2018-02-27 23:26:27,2822,2588,5437
2018-02-27 23:41:45,2810,2600,5437
2018-02-27 23:57:03,2812,2598,5437
2018-02-28 00:11:23,2814,2596,5437
2018-02-28 00:26:44,2813,2597,5437
2018-02-28 00:42:04,2816,2594,5437
2018-02-28 00:56:23,2814,2597,5437
2018-02-28 01:11:44,2813,2598,5437
2018-02-28 01:27:03,2808,2604,5437
2018-02-28 01:42:25,2811,2601,5437
2018-02-28 01:56:43,2809,2603,5437
2018-02-28 02:12:03,2815,2597,5437
2018-02-28 02:27:22,2812,2600,5437
2018-02-28 02:41:40,2809,2603,5437
2018-02-28 02:56:58,2807,2605,5437
2018-02-28 03:12:23,2808,2604,5437
2018-02-28 03:26:40,2806,2606,5437
2018-02-28 03:41:57,2807,2605,5437
2018-02-28 03:57:16,2810,2602,5437
2018-02-28 04:12:34,2809,2603,5437
2018-02-28 04:26:51,2807,2605,5437
2018-02-28 04:42:09,2808,2605,5437
2018-02-28 04:57:39,2808,2604,5437
2018-02-28 05:11:56,2811,2601,5437
2018-02-28 05:27:15,2813,2599,5437
2018-02-28 05:42:33,2807,2605,5437
2018-02-28 05:56:49,2809,2603,5437
2018-02-28 06:12:17,2810,2602,5437
2018-02-28 06:27:35,2804,2607,5437
2018-02-28 06:41:51,2827,2587,5437
2018-02-28 06:57:09,2825,2578,5437
2018-02-28 07:12:27,2799,2608,5437
2018-02-28 07:27:45,2812,2581,5437
2018-02-28 07:42:01,2833,2574,5437
2018-02-28 07:57:18,2902,2501,5437
2018-02-28 08:12:40,2843,2550,5437
2018-02-28 08:27:57,2856,2543,5437
2018-02-28 08:42:14,2870,2524,5437
2018-02-28 08:57:35,2918,2481,5437
2018-02-28 09:12:57,2889,2508,5437
2018-02-28 09:27:14,2875,2524,5437
2018-02-28 09:42:32,2893,2505,5437
2018-02-28 09:57:51,2910,2479,5437
2018-02-28 10:12:09,2875,2511,5437
2018-02-28 10:27:30,2853,2537,5437
2018-02-28 10:42:47,2859,2526,5437
2018-02-28 10:58:06,2866,2516,5437
2018-02-28 11:12:27,2876,2505,5437
2018-02-28 11:27:45,2887,2504,5437
2018-02-28 11:43:05,2891,2492,5437
2018-02-28 11:57:32,2887,2502,5437
2018-02-28 12:12:50,2911,2481,5437
2018-02-28 12:28:11,2905,2486,5437
2018-02-28 12:42:28,2886,2502,5437
2018-02-28 12:57:48,2924,2469,5437
2018-02-28 13:13:09,2956,2439,5437
2018-02-28 13:27:27,2925,2470,5437
2018-02-28 13:42:45,2947,2449,5437
2018-02-28 13:58:03,2970,2425,5437
2018-02-28 14:12:26,3028,2364,5437
2018-02-28 14:27:45,3009,2384,5437
2018-02-28 14:43:05,2982,2413,5437
2018-02-28 14:58:23,2987,2408,5437
2018-02-28 15:12:39,2964,2430,5437
2018-02-28 15:27:56,2936,2458,5437
2018-02-28 15:43:14,2953,2440,5437
2018-02-28 15:58:32,2913,2478,5437
2018-02-28 16:12:48,2915,2475,5437
2018-02-28 16:28:05,2946,2446,5437
2018-02-28 16:43:24,2942,2448,5437
2018-02-28 16:57:41,2954,2441,5437
2018-02-28 17:12:59,2948,2446,5437
2018-02-28 17:28:17,2961,2433,5437
2018-02-28 17:43:34,2991,2403,5437
2018-02-28 17:57:51,2948,2445,5437
2018-02-28 18:13:09,2965,2427,5437
2018-02-28 18:28:46,2966,2431,5437
2018-02-28 18:43:02,2968,2429,5437
2018-02-28 18:58:20,2934,2463,5437
2018-02-28 19:13:37,2959,2441,5437
2018-02-28 19:27:54,2958,2442,5437
2018-02-28 19:43:11,2932,2471,5437
2018-02-28 19:58:30,2937,2466,5437
2018-02-28 20:13:50,2957,2448,5437
2018-02-28 20:28:07,2954,2448,5437
2018-02-28 20:43:26,2949,2454,5437
2018-02-28 20:58:44,2914,2490,5437
2018-02-28 21:13:01,2880,2523,5437
2018-02-28 21:28:18,2890,2513,5437
2018-02-28 21:43:35,2877,2527,5437
2018-02-28 21:58:52,2856,2548,5437
2018-02-28 22:13:15,2866,2538,5437
2018-02-28 22:28:33,2851,2551,5437
2018-02-28 22:43:50,2828,2574,5437
2018-02-28 22:59:09,2830,2573,5437
2018-02-28 23:13:25,2832,2570,5437
2018-02-28 23:28:41,2840,2563,5437
2018-02-28 23:43:58,2826,2577,5437
2018-02-28 23:58:15,2832,2571,5437
2018-03-01 00:13:28,2845,2558,5437
2018-03-01 00:28:48,2865,2538,5437
2018-03-01 00:44:10,2833,2570,5437
2018-03-01 00:58:33,2823,2581,5437
2018-03-01 01:13:51,2821,2583,5437
2018-03-01 01:29:12,2818,2585,5437
2018-03-01 01:43:31,2815,2588,5437
2018-03-01 01:58:51,2811,2592,5437
2018-03-01 02:14:12,2814,2589,5437
2018-03-01 02:28:31,2817,2586,5437
2018-03-01 02:43:50,2809,2594,5437
2018-03-01 02:59:08,2813,2591,5437
2018-03-01 03:14:29,2808,2596,5437
2018-03-01 03:28:46,2812,2592,5437
2018-03-01 03:44:03,2805,2599,5437
2018-03-01 03:59:21,2806,2598,5437
2018-03-01 04:13:37,2806,2598,5437
2018-03-01 04:28:55,2806,2598,5437
2018-03-01 04:44:13,2805,2599,5437
2018-03-01 04:59:31,2809,2595,5437
2018-03-01 05:13:46,2810,2594,5437
2018-03-01 05:29:04,2807,2597,5437
2018-03-01 05:44:22,2807,2597,5437
2018-03-01 05:59:39,2813,2591,5437
2018-03-01 06:14:03,2814,2590,5437
2018-03-01 06:29:20,2811,2587,5437
2018-03-01 06:44:37,2808,2590,5437
2018-03-01 06:58:54,2793,2604,5437
2018-03-01 07:14:11,2805,2587,5437
2018-03-01 07:29:28,2840,2537,5437
2018-03-01 07:44:45,2958,2411,5437
2018-03-01 07:59:01,2993,2378,5437
2018-03-01 08:14:24,2903,2468,5437
2018-03-01 08:29:43,2907,2465,5437
2018-03-01 08:44:01,2946,2409,5437
2018-03-01 08:59:20,2954,2407,5437
2018-03-01 09:14:40,2904,2457,5437
2018-03-01 09:28:59,2879,2447,5437
2018-03-01 09:44:18,2871,2461,5437
2018-03-01 09:59:38,2860,2469,5437
2018-03-01 10:14:58,2821,2508,5437
2018-03-01 10:29:15,2800,2512,5437
2018-03-01 10:44:35,2805,2506,5437
2018-03-01 10:59:54,2809,2495,5437
2018-03-01 11:14:13,2802,2487,5437
2018-03-01 11:29:31,2804,2486,5437
2018-03-01 11:44:49,2814,2465,5437
2018-03-01 12:00:08,2829,2442,5437
2018-03-01 12:14:29,2856,2421,5437
2018-03-01 12:29:48,2816,2447,5437
2018-03-01 12:45:08,2813,2455,5437
2018-03-01 12:59:28,2803,2448,5437
2018-03-01 13:14:47,2852,2421,5437
2018-03-01 13:30:07,2867,2404,5437
2018-03-01 13:44:25,2882,2388,5437
2018-03-01 13:59:43,2845,2425,5437
2018-03-01 14:15:01,2945,2326,5437
2018-03-01 14:30:20,2984,2287,5437
2018-03-01 14:44:38,2922,2349,5437
2018-03-01 14:59:58,2915,2358,5437
2018-03-01 15:15:19,2892,2380,5437
2018-03-01 15:29:36,2868,2403,5437
2018-03-01 15:44:56,2829,2442,5437
2018-03-01 16:00:14,2861,2451,5437
2018-03-01 16:15:34,2866,2467,5437
2018-03-01 16:29:52,2927,2442,5437
2018-03-01 16:45:09,2950,2446,5437
2018-03-01 17:00:27,2931,2463,5437
2018-03-01 17:14:45,2879,2515,5437
2018-03-01 17:30:03,2844,2549,5437
2018-03-01 17:45:20,2835,2557,5437
2018-03-01 18:00:40,2810,2581,5437
2018-03-01 18:14:59,2799,2595,5437
2018-03-01 18:30:20,2809,2584,5437
2018-03-01 18:45:39,2863,2531,5437
2018-03-01 18:59:57,2877,2515,5437
2018-03-01 19:15:16,2859,2534,5437
2018-03-01 19:30:32,2836,2558,5437
2018-03-01 19:45:49,2851,2543,5437
2018-03-01 20:00:03,2860,2534,5437
2018-03-01 20:15:28,2854,2543,5437
2018-03-01 20:30:48,2847,2550,5437
2018-03-01 20:45:06,2877,2519,5437
2018-03-01 21:00:24,2871,2526,5437
2018-03-01 21:15:43,2883,2514,5437
2018-03-01 21:29:59,2870,2527,5437
2018-03-01 21:45:16,2855,2541,5437
2018-03-01 22:00:33,2845,2551,5437
2018-03-01 22:15:06,2833,2564,5437
2018-03-01 22:30:24,2828,2569,5437
2018-03-01 22:45:42,2846,2552,5437
2018-03-01 23:01:00,2842,2556,5437
2018-03-01 23:15:16,2831,2565,5437
2018-03-01 23:30:33,2825,2572,5437
2018-03-01 23:45:50,2828,2570,5437
2018-03-01 23:59:05,2833,2564,5437
2018-03-02 00:15:34,2822,2573,5437
2018-03-02 00:30:28,2816,2580,5437
2018-03-02 00:46:08,2808,2587,5437
2018-03-02 01:00:36,2812,2583,5437
2018-03-02 01:16:07,2811,2582,5437
2018-03-02 01:30:27,2807,2588,5437
2018-03-02 01:45:56,2798,2597,5437
2018-03-02 02:01:17,2795,2601,5437
2018-03-02 02:15:40,2802,2594,5437
2018-03-02 02:30:59,2798,2598,5437
2018-03-02 02:46:17,2794,2602,5437
2018-03-02 03:00:35,2797,2599,5437
2018-03-02 03:15:53,2803,2593,5437
2018-03-02 03:31:12,2799,2597,5437
2018-03-02 04:00:47,2808,2588,5437
2018-03-02 04:16:05,2802,2594,5437
2018-03-02 04:31:23,2801,2595,5437
2018-03-02 04:45:40,2803,2594,5437
2018-03-02 05:00:57,2800,2597,5437
2018-03-02 05:16:16,2803,2594,5437
2018-03-02 05:31:33,2802,2595,5437
2018-03-02 05:45:49,2797,2600,5437
2018-03-02 06:01:08,2799,2599,5437
2018-03-02 06:16:37,2806,2592,5437
2018-03-02 06:30:53,2821,2577,5437
2018-03-02 06:46:14,2812,2558,5437
2018-03-02 07:01:32,2782,2590,5437
2018-03-02 07:16:49,2787,2584,5437
2018-03-02 07:31:05,2825,2552,5437
2018-03-02 07:46:22,2916,2456,5437
2018-03-02 08:01:43,2933,2427,5437
2018-03-02 08:16:01,2890,2459,5437
2018-03-02 08:31:21,2859,2482,5437
2018-03-02 08:46:39,2914,2426,5437
2018-03-02 09:01:59,2879,2445,5437
2018-03-02 09:16:19,2828,2482,5437
2018-03-02 09:31:37,2819,2486,5437
2018-03-02 09:46:56,2811,2472,5437
2018-03-02 10:01:15,2803,2477,5437
2018-03-02 10:16:34,2802,2476,5437
2018-03-02 10:31:51,2783,2489,5437
2018-03-02 10:46:08,2763,2507,5437
2018-03-02 11:01:26,2770,2480,5437
2018-03-02 11:16:44,2793,2448,5437
2018-03-02 11:32:03,2784,2467,5437
2018-03-02 11:46:20,2790,2453,5437
2018-03-02 12:01:38,2793,2449,5437
2018-03-02 12:16:57,2807,2467,5437
2018-03-02 12:31:15,2785,2492,5437
2018-03-02 12:46:34,2783,2492,5437
2018-03-02 13:01:54,2819,2457,5437
2018-03-02 13:17:12,2853,2425,5437
2018-03-02 13:31:29,2864,2413,5437
2018-03-02 13:46:47,2901,2379,5437
2018-03-02 14:02:08,2877,2402,5437
2018-03-02 14:16:31,2991,2287,5437
2018-03-02 14:31:50,2991,2283,5437
2018-03-02 14:47:12,2903,2371,5437
2018-03-02 15:01:30,2855,2422,5437
2018-03-02 15:16:47,2920,2394,5437
2018-03-02 15:32:05,2881,2460,5437
2018-03-02 15:47:23,2892,2490,5437
2018-03-02 16:01:39,2918,2483,5437
2018-03-02 16:16:56,2927,2474,5437
2018-03-02 16:32:14,2936,2465,5437
2018-03-02 16:47:31,2948,2454,5437
2018-03-02 17:01:48,2972,2430,5437
